{"IcoMoonType":"selection","icons":[{"icon":{"paths":[],"attrs":[],"isMulticolor":false,"isMulticolor2":false,"grid":0,"tags":["telegram"]},"attrs":[],"properties":{"order":3,"id":0,"name":"telegram","prevSize":32,"code":59648},"setIdx":0,"setId":0,"iconIdx":0}],"height":1024,"metadata":{"name":"icomoon"},"preferences":{"showGlyphs":true,"showCodes":true,"showQuickUse":true,"showQuickUse2":true,"showSVGs":true,"fontPref":{"prefix":"icon-","metadata":{"fontFamily":"icomoon","majorVersion":1,"minorVersion":0},"metrics":{"emSize":1024,"baseline":6.25,"whitespace":50},"embed":false,"showSelector":true,"showMetrics":true},"imagePref":{"prefix":"icon-","png":true,"useClassSelector":true,"color":0,"bgColor":16777215},"historySize":50}}